<?xml version="1.0" encoding="utf-8" ?>
<favorites xmlns:launcher="http://schemas.android.com/apk/res/com.sec.android.app.launcher">
    <home>
        <!--  screen [1]  -->
        <!--  -->
        <appwidget
            launcher:className="com.zhixin.weather.WeatherWidget"
            launcher:packageName="com.zhixin.weather"
            launcher:screen="0" 
            launcher:x="0" 
            launcher:y="0" 
            launcher:spanX="2" 
            launcher:spanY="1" />


	<!--<appwidget 
	    launcher:className="com.zhixin.weather.WeatherWidget"
	    launcher:packageName="com.zhixin.weather" 
	    launcher:screen="0" 
	    launcher:x="0" 
	    launcher:y="0" 
	    launcher:spanX="4" 
	    launcher:spanY="2" />-->

	<appwidget 
	    launcher:className="com.google.android.googlequicksearchbox.SearchWidgetProvider" 
	    launcher:packageName="com.google.android.googlequicksearchbox" 
	    launcher:screen="0" 
	    launcher:x="0" 
	    launcher:y="2" 
	    launcher:spanX="4" 
	    launcher:spanY="1" />

	<appwidget 
	    launcher:className="com.baidu.searchbox.widget.TransSearchWidgetProvider" 
	    launcher:packageName="com.baidu.searchbox" 
	    launcher:screen="0" 
	    launcher:x="0" 
	    launcher:y="2" 
	    launcher:spanX="4" 
	    launcher:spanY="1" />

        <!-- .SearchWidgetProvider -->
        <!--<appwidget
            launcher:packageName="com.google.android.googlequicksearchbox" 
            launcher:className="com.google.android.googlequicksearchbox.SearchWidgetProvider" 
            launcher:screen="0" 
            launcher:x="0" 
            launcher:y="2" 
            launcher:spanX="4" 
            launcher:spanY="1" />

	<appwidget
            launcher:packageName="com.etek.remote" 
            launcher:className="com.etek.ui.widget.DefaultWidgetProvider" 
            launcher:screen="1" 
            launcher:x="0" 
            launcher:y="0" 
            launcher:spanX="4" 
            launcher:spanY="3" />-->

        <!-- Email -->
        <favorite
            launcher:packageName="com.android.email" 
            launcher:className="com.android.email.activity.Welcome" 
            launcher:screen="0" 
            launcher:x="0" 
            launcher:y="3" />

        <!-- Camera -->
        <favorite
            launcher:packageName="com.android.gallery3d" 
            launcher:className="com.android.camera.CameraLauncher" 
            launcher:screen="0" 
            launcher:x="1" 
            launcher:y="3" />

        <!-- Play Store -->
        <favorite launcher:className="com.android.gallery3d.app.GalleryActivity" 
	    launcher:packageName="com.android.gallery3d" 
	    launcher:screen="0" 
	    launcher:x="2" 
	    launcher:y="3" />

	<!-- Splanner -->
	<favorite
            launcher:packageName="com.android.calendar" 
            launcher:className="com.android.calendar.AllInOneActivity" 
            launcher:screen="0" 
            launcher:x="3" 
            launcher:y="3" />
        <!-- Folder : Google -->
        <!--<folder
            launcher:screen="0" 
            launcher:title="Galaxy" 
            launcher:x="3" 
            launcher:y="3" >
            <favorite
                launcher:packageName="com.taobao.taobao" 
                launcher:className="com.taobao.tao.Welcome" 
                launcher:screen="0" />
            <favorite
                launcher:packageName="com.qiyi.video" 
                launcher:className="com.qiyi.video.WelcomeActivity" 
                launcher:screen="1" />
            <favorite
                launcher:packageName="com.baidu.BaiduMap"
                launcher:className="com.baidu.BaiduMap.BaiduMap"
                launcher:screen="2" />
            <favorite
                launcher:packageName="com.baidu.searchbox" 
                launcher:className="com.baidu.searchbox.MainActivity" 
                launcher:screen="3" />
            <favorite
                launcher:packageName="com.baidu.appsearch" 
                launcher:className="com.baidu.appsearch.LauncherActivity" 
                launcher:screen="4" />
            <favorite
                launcher:packageName="com.qihoo.appstore" 
                launcher:className="com.qihoo.appstore.activities.LauncherActivity" 
                launcher:screen="5" />
           
        </folder> -->


        <!--  screen [2]  -->
        <!-- .WidgetProvider42
        <appwidget
            launcher:packageName="com.sec.android.widgetapp.samsungapps" 
            launcher:className="com.sec.android.widgetapp.samsungapps.WidgetProvider42" 
            launcher:screen="1" 
            launcher:x="0" 
            launcher:y="0" 
            launcher:spanX="4" 
            launcher:spanY="1" /> -->

      
    </home> 

    <!-- Hotseat (We use the screen as the position of the item in the hotseat) -->
    <hotseat>
        <!-- Phone -->
        <favorite
            launcher:packageName="com.android.dialer" 
            launcher:className="com.android.dialer.DialtactsActivity" 
            launcher:x="0" />

        <!-- Messages -->
        <favorite
            launcher:packageName="com.android.mms" 
            launcher:className="com.android.mms.ui.BootActivity" 
            launcher:x="2" />

        <!-- Internet -->
        <favorite
            launcher:packageName="com.android.browser" 
            launcher:className="com.android.browser.BrowserActivity" 
            launcher:x="3" />

    </hotseat> 

</favorites> 
